old_relative_path,new_relative_path
chairs/armchair-dark-wood-brown-tall-back-front-view.png,furniture-chair-and-stool-pixel-art/pixel-art-armchair-dark-wood-brown-tall-back-front-view-sprite-16x32.png
chairs/chair-dark-wood-simple-backrest-front-view.png,furniture-chair-and-stool-pixel-art/pixel-art-chair-dark-wood-simple-backrest-front-view-sprite-16x32.png
chairs/chair-purple-dark-front-view.png,furniture-chair-and-stool-pixel-art/pixel-art-chair-purple-dark-front-view-sprite-16x32.png
chairs/chair-purple-side-view.png,furniture-chair-and-stool-pixel-art/pixel-art-chair-purple-side-view-sprite-16x32.png
chairs/chair-red-seat-blue-back-front-view.png,furniture-chair-and-stool-pixel-art/pixel-art-chair-red-seat-blue-back-front-view-sprite-16x32.png
chairs/chair-red-side-view.png,furniture-chair-and-stool-pixel-art/pixel-art-chair-red-side-view-sprite-16x32.png
chairs/chair-tall-red-blue-striped-stool-front-view.png,furniture-chair-and-stool-pixel-art/pixel-art-chair-tall-red-blue-striped-stool-front-view-sprite-16x32.png
chairs/stool-small-wood-orange-front-view.png,furniture-chair-and-stool-pixel-art/pixel-art-stool-small-wood-orange-front-view-sprite-16x32.png
chairs/stool-small-wood-orange-side-view.png,furniture-chair-and-stool-pixel-art/pixel-art-stool-small-wood-orange-side-view-sprite-16x32.png
city/purple-blue-brick-pavement-street-tile.png,city-street-pavement-tiles/pixel-art-purple-blue-brick-street-pavement-tile-48x32.png
girl/blonde-girl-blue-dress-character-spritesheet-8dir-idle-walk-sit-sleep.png,girl-character-sprite-sheets/pixel-art-blonde-girl-blue-dress-character-8-direction-idle-walk-sit-sleep-spritesheet-576x384.png
homes suburb exterior /Doors.png,suburban-house-exterior-tiles/pixel-art-wooden-house-arched-door-variants-spritesheet-16x64.png
homes suburb exterior /Fences.png,suburban-house-exterior-tiles/pixel-art-wood-post-and-rail-fence-corners-and-segments-tileset-64x64.png
homes suburb exterior /Wooden House.png,suburban-house-exterior-tiles/pixel-art-complete-small-wooden-house-exterior-sprite-112x80.png
homes suburb exterior /Wooden_House_Roof_Tilset.png,suburban-house-exterior-tiles/pixel-art-wooden-house-roof-shingles-chimney-and-trim-tileset-112x80.png
homes suburb exterior /Wooden_House_Walls_Tilset.png,suburban-house-exterior-tiles/pixel-art-wooden-house-wall-door-window-and-planks-tileset-80x48.png
homes suburb exterior /generic-rpg-fence01.png,suburban-house-exterior-tiles/pixel-art-wood-fence-piece-01-tile-16x16.png
homes suburb exterior /generic-rpg-fence02.png,suburban-house-exterior-tiles/pixel-art-wood-fence-piece-02-tile-16x16.png
homes suburb exterior /generic-rpg-fence03.png,suburban-house-exterior-tiles/pixel-art-wood-fence-piece-03-tile-16x16.png
homes suburb exterior /generic-rpg-fence04.png,suburban-house-exterior-tiles/pixel-art-wood-fence-piece-04-tile-16x16.png
homes suburb exterior /generic-rpg-fence05.png,suburban-house-exterior-tiles/pixel-art-wood-fence-piece-05-tile-16x16.png
homes suburb exterior /generic-rpg-fence07.png,suburban-house-exterior-tiles/pixel-art-wood-fence-piece-07-tile-16x16.png
homes suburb exterior /generic-rpg-fence08.png,suburban-house-exterior-tiles/pixel-art-wood-fence-piece-08-tile-16x16.png
homes suburb exterior /generic-rpg-fence09.png,suburban-house-exterior-tiles/pixel-art-wood-fence-piece-09-tile-16x16.png
homes suburb exterior /generic-rpg-fence10.png,suburban-house-exterior-tiles/pixel-art-wood-fence-piece-10-tile-16x16.png
homes suburb exterior /generic-rpg-fence11.png,suburban-house-exterior-tiles/pixel-art-wood-fence-piece-11-tile-16x16.png
homes suburb interior /16x16/Interiors_free_16x16.png,suburban-house-interior-tiles/16x16-scale/pixel-art-free-interiors-free-16x16-tileset-16x16-scale.png
homes suburb interior /16x16/Room_Builder_free_16x16.png,suburban-house-interior-tiles/16x16-scale/pixel-art-free-room-builder-free-16x16-tileset-16x16-scale.png
homes suburb interior /32x32/Interiors_free_32x32.png,suburban-house-interior-tiles/32x32-scale/pixel-art-free-interiors-free-32x32-tileset-32x32-scale.png
homes suburb interior /32x32/Room_Builder_free_32x32.png,suburban-house-interior-tiles/32x32-scale/pixel-art-free-room-builder-free-32x32-tileset-32x32-scale.png
homes suburb interior /48x48/Interiors_free_48x48.png,suburban-house-interior-tiles/48x48-scale/pixel-art-free-interiors-free-48x48-tileset-48x48-scale.png
homes suburb interior /48x48/Room_Builder_free_48x48.png,suburban-house-interior-tiles/48x48-scale/pixel-art-free-room-builder-free-48x48-tileset-48x48-scale.png
homes suburb interior /Basic Furniture.png,suburban-house-interior-tiles/pixel-art-basic-home-furniture-beds-tables-chairs-rugs-cabinets-tileset-144x96.png
homes suburb interior /Doors.png,suburban-house-interior-tiles/pixel-art-interior-wooden-door-variants-spritesheet-16x64.png
homes suburb interior /bed big.png,suburban-house-interior-tiles/pixel-art-large-blue-bed-front-view-sprite-32x32.png
homes suburb interior /bed small.png,suburban-house-interior-tiles/pixel-art-small-blue-bed-front-view-sprite-16x32.png
homes suburb interior /floorinf.png,suburban-house-interior-tiles/pixel-art-brown-wood-floor-tile-16x16.png
interior free/interior-tileset-sample-cabinets-pottedplant-wood-floor-stone.png,interior-room-sample-tiles/pixel-art-interior-sample-cabinets-potted-plant-wood-floor-stone-wall-tileset-160x80.png
interior free/read me.txt,interior-room-sample-tiles/interior-free-asset-readme.txt
park grass and trees/BIG OAK.png,park-nature-terrain-and-tree-tiles/pixel-art-large-round-green-oak-tree-sprite-48x48.png
park grass and trees/Basic Grass Biom things 1.png,park-nature-terrain-and-tree-tiles/pixel-art-basic-grass-biome-props-flowers-rocks-bushes-mushrooms-and-plants-tileset-copy-144x80.png
park grass and trees/Basic Plants.png,park-nature-terrain-and-tree-tiles/pixel-art-basic-yellow-green-plants-crops-mushrooms-and-bushes-tileset-copy-96x32.png
park grass and trees/Basic tools and meterials.png,park-nature-terrain-and-tree-tiles/pixel-art-basic-tools-and-materials-stone-wood-log-plank-stick-spritesheet-48x32.png
park grass and trees/Basic_Furniture.png,park-nature-terrain-and-tree-tiles/pixel-art-basic-furniture-beds-tables-chairs-rugs-cabinets-tileset-144x96.png
park grass and trees/Basic_Grass_Biom_things.png,park-nature-terrain-and-tree-tiles/pixel-art-basic-grass-biome-props-flowers-rocks-bushes-mushrooms-and-plants-tileset-144x80.png
park grass and trees/Basic_Plants.png,park-nature-terrain-and-tree-tiles/pixel-art-basic-yellow-green-plants-crops-mushrooms-and-bushes-tileset-96x32.png
park grass and trees/Bitmask references 1.png,park-nature-terrain-and-tree-tiles/pixel-art-autotile-bitmask-reference-diagram-blue-white-set-1-480x256.png
park grass and trees/Bitmask references 2.png,park-nature-terrain-and-tree-tiles/pixel-art-autotile-bitmask-reference-diagram-blue-white-set-2-480x256.png
park grass and trees/Bitmask references gif.gif,park-nature-terrain-and-tree-tiles/pixel-art-autotile-bitmask-reference-animation-guide-540x540.gif
park grass and trees/Grass.png,park-nature-terrain-and-tree-tiles/pixel-art-grass-path-bush-and-ground-autotile-tileset-176x112.png
park grass and trees/Hills.png,park-nature-terrain-and-tree-tiles/pixel-art-grass-hill-cliff-and-dirt-path-autotile-tileset-176x144.png
park grass and trees/Outside_10_11_1.png,park-nature-terrain-and-tree-tiles/pixel-art-outdoor-terrain-object-tile-outside-10-11-1.png
park grass and trees/Outside_12_1.png,park-nature-terrain-and-tree-tiles/pixel-art-outdoor-terrain-object-tile-outside-12-1.png
park grass and trees/Outside_13_1.png,park-nature-terrain-and-tree-tiles/pixel-art-outdoor-terrain-object-tile-outside-13-1.png
park grass and trees/Outside_14_1.png,park-nature-terrain-and-tree-tiles/pixel-art-outdoor-terrain-object-tile-outside-14-1.png
park grass and trees/Outside_14_2.png,park-nature-terrain-and-tree-tiles/pixel-art-outdoor-terrain-object-tile-outside-14-2.png
park grass and trees/Outside_15_1.png,park-nature-terrain-and-tree-tiles/pixel-art-outdoor-terrain-object-tile-outside-15-1.png
park grass and trees/Outside_15_2.png,park-nature-terrain-and-tree-tiles/pixel-art-outdoor-terrain-object-tile-outside-15-2.png
park grass and trees/Outside_16_1.png,park-nature-terrain-and-tree-tiles/pixel-art-outdoor-terrain-object-tile-outside-16-1.png
park grass and trees/Outside_16_2.png,park-nature-terrain-and-tree-tiles/pixel-art-outdoor-terrain-object-tile-outside-16-2.png
park grass and trees/Outside_16_3.png,park-nature-terrain-and-tree-tiles/pixel-art-outdoor-terrain-object-tile-outside-16-3.png
park grass and trees/Outside_16_5.png,park-nature-terrain-and-tree-tiles/pixel-art-outdoor-terrain-object-tile-outside-16-5.png
park grass and trees/Outside_17_1.png,park-nature-terrain-and-tree-tiles/pixel-art-outdoor-terrain-object-tile-outside-17-1.png
park grass and trees/Outside_17_2.png,park-nature-terrain-and-tree-tiles/pixel-art-outdoor-terrain-object-tile-outside-17-2.png
park grass and trees/Outside_18_1.png,park-nature-terrain-and-tree-tiles/pixel-art-outdoor-terrain-object-tile-outside-18-1.png
park grass and trees/Outside_18_2.png,park-nature-terrain-and-tree-tiles/pixel-art-outdoor-terrain-object-tile-outside-18-2.png
park grass and trees/Outside_18_3.png,park-nature-terrain-and-tree-tiles/pixel-art-outdoor-terrain-object-tile-outside-18-3.png
park grass and trees/Outside_1_1.png,park-nature-terrain-and-tree-tiles/pixel-art-outdoor-terrain-object-tile-outside-1-1.png
park grass and trees/Outside_1_2.png,park-nature-terrain-and-tree-tiles/pixel-art-outdoor-terrain-object-tile-outside-1-2.png
park grass and trees/Outside_1_3.png,park-nature-terrain-and-tree-tiles/pixel-art-outdoor-terrain-object-tile-outside-1-3.png
park grass and trees/Outside_1_4.png,park-nature-terrain-and-tree-tiles/pixel-art-outdoor-terrain-object-tile-outside-1-4.png
park grass and trees/Outside_2_1.png,park-nature-terrain-and-tree-tiles/pixel-art-outdoor-terrain-object-tile-outside-2-1.png
park grass and trees/Outside_2_2.png,park-nature-terrain-and-tree-tiles/pixel-art-outdoor-terrain-object-tile-outside-2-2.png
park grass and trees/Outside_2_3.png,park-nature-terrain-and-tree-tiles/pixel-art-outdoor-terrain-object-tile-outside-2-3.png
park grass and trees/Outside_2_4.png,park-nature-terrain-and-tree-tiles/pixel-art-outdoor-terrain-object-tile-outside-2-4.png
park grass and trees/Outside_3_1.png,park-nature-terrain-and-tree-tiles/pixel-art-outdoor-terrain-object-tile-outside-3-1.png
park grass and trees/Outside_3_2.png,park-nature-terrain-and-tree-tiles/pixel-art-outdoor-terrain-object-tile-outside-3-2.png
park grass and trees/Outside_3_3.png,park-nature-terrain-and-tree-tiles/pixel-art-outdoor-terrain-object-tile-outside-3-3.png
park grass and trees/Outside_3_4.png,park-nature-terrain-and-tree-tiles/pixel-art-outdoor-terrain-object-tile-outside-3-4.png
park grass and trees/Outside_4_1.png,park-nature-terrain-and-tree-tiles/pixel-art-outdoor-terrain-object-tile-outside-4-1.png
park grass and trees/Outside_4_2.png,park-nature-terrain-and-tree-tiles/pixel-art-outdoor-terrain-object-tile-outside-4-2.png
park grass and trees/Outside_4_3.png,park-nature-terrain-and-tree-tiles/pixel-art-outdoor-terrain-object-tile-outside-4-3.png
park grass and trees/Outside_5_1.png,park-nature-terrain-and-tree-tiles/pixel-art-outdoor-terrain-object-tile-outside-5-1.png
park grass and trees/Outside_5_2.png,park-nature-terrain-and-tree-tiles/pixel-art-outdoor-terrain-object-tile-outside-5-2.png
park grass and trees/Outside_5_3.png,park-nature-terrain-and-tree-tiles/pixel-art-outdoor-terrain-object-tile-outside-5-3.png
park grass and trees/Outside_6_1.png,park-nature-terrain-and-tree-tiles/pixel-art-outdoor-terrain-object-tile-outside-6-1.png
park grass and trees/Outside_6_2.png,park-nature-terrain-and-tree-tiles/pixel-art-outdoor-terrain-object-tile-outside-6-2.png
park grass and trees/Outside_6_4.png,park-nature-terrain-and-tree-tiles/pixel-art-outdoor-terrain-object-tile-outside-6-4.png
park grass and trees/Outside_6_5.png,park-nature-terrain-and-tree-tiles/pixel-art-outdoor-terrain-object-tile-outside-6-5.png
park grass and trees/Outside_7_1.png,park-nature-terrain-and-tree-tiles/pixel-art-outdoor-terrain-object-tile-outside-7-1.png
park grass and trees/Outside_7_2.png,park-nature-terrain-and-tree-tiles/pixel-art-outdoor-terrain-object-tile-outside-7-2.png
park grass and trees/Outside_8_1.png,park-nature-terrain-and-tree-tiles/pixel-art-outdoor-terrain-object-tile-outside-8-1.png
park grass and trees/Outside_8_2.png,park-nature-terrain-and-tree-tiles/pixel-art-outdoor-terrain-object-tile-outside-8-2.png
park grass and trees/Outside_8_3.png,park-nature-terrain-and-tree-tiles/pixel-art-outdoor-terrain-object-tile-outside-8-3.png
park grass and trees/Outside_8_4.png,park-nature-terrain-and-tree-tiles/pixel-art-outdoor-terrain-object-tile-outside-8-4.png
park grass and trees/Outside_8_5.png,park-nature-terrain-and-tree-tiles/pixel-art-outdoor-terrain-object-tile-outside-8-5.png
park grass and trees/Outside_8_6.png,park-nature-terrain-and-tree-tiles/pixel-art-outdoor-terrain-object-tile-outside-8-6.png
park grass and trees/Outside_8_7.png,park-nature-terrain-and-tree-tiles/pixel-art-outdoor-terrain-object-tile-outside-8-7.png
park grass and trees/Outside_8_8.png,park-nature-terrain-and-tree-tiles/pixel-art-outdoor-terrain-object-tile-outside-8-8.png
park grass and trees/Outside_8_9.png,park-nature-terrain-and-tree-tiles/pixel-art-outdoor-terrain-object-tile-outside-8-9.png
park grass and trees/Outside_9_1.png,park-nature-terrain-and-tree-tiles/pixel-art-outdoor-terrain-object-tile-outside-9-1.png
park grass and trees/Outside_9_2.png,park-nature-terrain-and-tree-tiles/pixel-art-outdoor-terrain-object-tile-outside-9-2.png
park grass and trees/Tilled_Dirt.png,park-nature-terrain-and-tree-tiles/pixel-art-tilled-dirt-farm-field-autotile-tileset-176x112.png
park grass and trees/Tilled_Dirt_Wide.png,park-nature-terrain-and-tree-tiles/pixel-art-wide-tilled-dirt-farm-field-autotile-tileset-176x112.png
park grass and trees/Tilled_Dirt_Wide_v2.png,park-nature-terrain-and-tree-tiles/pixel-art-wide-tilled-dirt-farm-field-autotile-tileset-variant-2-176x112.png
park grass and trees/Tilled_Dirt_v2.png,park-nature-terrain-and-tree-tiles/pixel-art-tilled-dirt-farm-field-autotile-tileset-variant-2-176x112.png
park grass and trees/Water.png,park-nature-terrain-and-tree-tiles/pixel-art-blue-water-surface-animation-strip-64x16.png
park grass and trees/bordertrees.png,park-nature-terrain-and-tree-tiles/pixel-art-small-border-tree-pine-sprite-32x48.png
park grass and trees/generic-rpg-Slice.png,park-nature-terrain-and-tree-tiles/pixel-art-solid-mint-green-placeholder-tile-16x16.png
park grass and trees/generic-rpg-flower01.png,park-nature-terrain-and-tree-tiles/pixel-art-tiny-flower-sprite-01-8x7.png
park grass and trees/generic-rpg-flower02.png,park-nature-terrain-and-tree-tiles/pixel-art-tiny-flower-sprite-02-8x7.png
park grass and trees/generic-rpg-flower03.png,park-nature-terrain-and-tree-tiles/pixel-art-tiny-flower-sprite-03-8x7.png
park grass and trees/generic-rpg-flowers.png,park-nature-terrain-and-tree-tiles/pixel-art-red-white-yellow-flower-cluster-on-teal-ground-tileset-56x28.png
park grass and trees/generic-rpg-grass01.png,park-nature-terrain-and-tree-tiles/pixel-art-small-curved-grass-blade-sprite-13x7.png
park grass and trees/generic-rpg-rock01.png,park-nature-terrain-and-tree-tiles/pixel-art-gray-rock-with-grass-sprite-01.png
park grass and trees/generic-rpg-rock02.png,park-nature-terrain-and-tree-tiles/pixel-art-gray-rock-with-grass-sprite-02.png
park grass and trees/generic-rpg-rock03.png,park-nature-terrain-and-tree-tiles/pixel-art-gray-rock-with-grass-sprite-03.png
park grass and trees/generic-rpg-rock04.png,park-nature-terrain-and-tree-tiles/pixel-art-gray-rock-with-grass-sprite-04.png
park grass and trees/generic-rpg-rock05.png,park-nature-terrain-and-tree-tiles/pixel-art-gray-rock-with-grass-sprite-05.png
park grass and trees/generic-rpg-rock06.png,park-nature-terrain-and-tree-tiles/pixel-art-gray-rock-with-grass-sprite-06.png
park grass and trees/generic-rpg-tile-waterfall01.png,park-nature-terrain-and-tree-tiles/pixel-art-blue-waterfall-and-grass-cliff-shore-tile-piece-01-16x16.png
park grass and trees/generic-rpg-tile-waterfall02.png,park-nature-terrain-and-tree-tiles/pixel-art-blue-waterfall-and-grass-cliff-shore-tile-piece-02-16x16.png
park grass and trees/generic-rpg-tile-waterfall03.png,park-nature-terrain-and-tree-tiles/pixel-art-blue-waterfall-and-grass-cliff-shore-tile-piece-03-16x16.png
park grass and trees/generic-rpg-tile-waterfall04.png,park-nature-terrain-and-tree-tiles/pixel-art-blue-waterfall-and-grass-cliff-shore-tile-piece-04-16x16.png
park grass and trees/generic-rpg-tile-waterfall05.png,park-nature-terrain-and-tree-tiles/pixel-art-blue-waterfall-and-grass-cliff-shore-tile-piece-05-16x16.png
park grass and trees/generic-rpg-tile-waterfall06.png,park-nature-terrain-and-tree-tiles/pixel-art-blue-waterfall-and-grass-cliff-shore-tile-piece-06-16x16.png
park grass and trees/generic-rpg-tile-waterfall07.png,park-nature-terrain-and-tree-tiles/pixel-art-blue-waterfall-and-grass-cliff-shore-tile-piece-07-16x16.png
park grass and trees/generic-rpg-tile01.png,park-nature-terrain-and-tree-tiles/pixel-art-bright-grass-ground-autotile-fill-or-edge-piece-01-16x16.png
park grass and trees/generic-rpg-tile02.png,park-nature-terrain-and-tree-tiles/pixel-art-red-dirt-and-bright-grass-cliff-autotile-piece-02-16x16.png
park grass and trees/generic-rpg-tile03.png,park-nature-terrain-and-tree-tiles/pixel-art-bright-grass-ground-autotile-fill-or-edge-piece-03-16x16.png
park grass and trees/generic-rpg-tile04.png,park-nature-terrain-and-tree-tiles/pixel-art-red-dirt-and-bright-grass-cliff-autotile-piece-04-16x16.png
park grass and trees/generic-rpg-tile05.png,park-nature-terrain-and-tree-tiles/pixel-art-bright-grass-ground-autotile-fill-or-edge-piece-05-16x16.png
park grass and trees/generic-rpg-tile06.png,park-nature-terrain-and-tree-tiles/pixel-art-red-dirt-and-bright-grass-cliff-autotile-piece-06-16x16.png
park grass and trees/generic-rpg-tile07.png,park-nature-terrain-and-tree-tiles/pixel-art-bright-grass-ground-autotile-fill-or-edge-piece-07-16x16.png
park grass and trees/generic-rpg-tile08.png,park-nature-terrain-and-tree-tiles/pixel-art-red-dirt-and-bright-grass-cliff-autotile-piece-08-16x16.png
park grass and trees/generic-rpg-tile09.png,park-nature-terrain-and-tree-tiles/pixel-art-red-dirt-and-bright-grass-cliff-autotile-piece-09-16x16.png
park grass and trees/generic-rpg-tile10.png,park-nature-terrain-and-tree-tiles/pixel-art-red-dirt-and-bright-grass-cliff-autotile-piece-10-16x16.png
park grass and trees/generic-rpg-tile11.png,park-nature-terrain-and-tree-tiles/pixel-art-bright-grass-ground-autotile-fill-or-edge-piece-11-16x16.png
park grass and trees/generic-rpg-tile12.png,park-nature-terrain-and-tree-tiles/pixel-art-red-dirt-and-bright-grass-cliff-autotile-piece-12-16x16.png
park grass and trees/generic-rpg-tile13.png,park-nature-terrain-and-tree-tiles/pixel-art-bright-grass-ground-autotile-fill-or-edge-piece-13-16x16.png
park grass and trees/generic-rpg-tile14.png,park-nature-terrain-and-tree-tiles/pixel-art-red-dirt-and-bright-grass-cliff-autotile-piece-14-16x16.png
park grass and trees/generic-rpg-tile15.png,park-nature-terrain-and-tree-tiles/pixel-art-bright-grass-ground-autotile-fill-or-edge-piece-15-16x16.png
park grass and trees/generic-rpg-tile16.png,park-nature-terrain-and-tree-tiles/pixel-art-red-dirt-and-bright-grass-cliff-autotile-piece-16-16x16.png
park grass and trees/generic-rpg-tile17.png,park-nature-terrain-and-tree-tiles/pixel-art-bright-grass-ground-autotile-fill-or-edge-piece-17-16x16.png
park grass and trees/generic-rpg-tile18.png,park-nature-terrain-and-tree-tiles/pixel-art-bright-grass-ground-autotile-fill-or-edge-piece-18-16x16.png
park grass and trees/generic-rpg-tile19.png,park-nature-terrain-and-tree-tiles/pixel-art-red-dirt-and-bright-grass-cliff-autotile-piece-19-16x16.png
park grass and trees/generic-rpg-tile20.png,park-nature-terrain-and-tree-tiles/pixel-art-bright-grass-ground-autotile-fill-or-edge-piece-20-16x16.png
park grass and trees/generic-rpg-tile21.png,park-nature-terrain-and-tree-tiles/pixel-art-red-dirt-and-bright-grass-cliff-autotile-piece-21-16x16.png
park grass and trees/generic-rpg-tile22.png,park-nature-terrain-and-tree-tiles/pixel-art-bright-grass-ground-autotile-fill-or-edge-piece-22-16x16.png
park grass and trees/generic-rpg-tile23.png,park-nature-terrain-and-tree-tiles/pixel-art-red-dirt-and-bright-grass-cliff-autotile-piece-23-16x16.png
park grass and trees/generic-rpg-tile24.png,park-nature-terrain-and-tree-tiles/pixel-art-bright-grass-ground-autotile-fill-or-edge-piece-24-16x16.png
park grass and trees/generic-rpg-tile25.png,park-nature-terrain-and-tree-tiles/pixel-art-red-dirt-and-bright-grass-cliff-autotile-piece-25-16x16.png
park grass and trees/generic-rpg-tile26.png,park-nature-terrain-and-tree-tiles/pixel-art-bright-grass-ground-autotile-fill-or-edge-piece-26-16x16.png
park grass and trees/generic-rpg-tile27.png,park-nature-terrain-and-tree-tiles/pixel-art-red-dirt-and-bright-grass-cliff-autotile-piece-27-16x16.png
park grass and trees/generic-rpg-tile28.png,park-nature-terrain-and-tree-tiles/pixel-art-bright-grass-ground-autotile-fill-or-edge-piece-28-16x16.png
park grass and trees/generic-rpg-tile29.png,park-nature-terrain-and-tree-tiles/pixel-art-red-dirt-and-bright-grass-cliff-autotile-piece-29-16x16.png
park grass and trees/generic-rpg-tile30.png,park-nature-terrain-and-tree-tiles/pixel-art-bright-grass-ground-autotile-fill-or-edge-piece-30-16x16.png
park grass and trees/generic-rpg-tile31.png,park-nature-terrain-and-tree-tiles/pixel-art-red-dirt-and-bright-grass-cliff-autotile-piece-31-16x16.png
park grass and trees/generic-rpg-tile32.png,park-nature-terrain-and-tree-tiles/pixel-art-bright-grass-ground-autotile-fill-or-edge-piece-32-16x16.png
park grass and trees/generic-rpg-tile33.png,park-nature-terrain-and-tree-tiles/pixel-art-red-dirt-and-bright-grass-cliff-autotile-piece-33-16x16.png
park grass and trees/generic-rpg-tile34.png,park-nature-terrain-and-tree-tiles/pixel-art-bright-grass-ground-autotile-fill-or-edge-piece-34-16x16.png
park grass and trees/generic-rpg-tile35.png,park-nature-terrain-and-tree-tiles/pixel-art-red-dirt-and-bright-grass-cliff-autotile-piece-35-16x16.png
park grass and trees/generic-rpg-tile37.png,park-nature-terrain-and-tree-tiles/pixel-art-red-dirt-and-bright-grass-cliff-autotile-piece-37-16x16.png
park grass and trees/generic-rpg-tile38.png,park-nature-terrain-and-tree-tiles/pixel-art-bright-grass-ground-autotile-fill-or-edge-piece-38-16x16.png
park grass and trees/generic-rpg-tile39.png,park-nature-terrain-and-tree-tiles/pixel-art-red-dirt-and-bright-grass-cliff-autotile-piece-39-16x16.png
park grass and trees/generic-rpg-tile40.png,park-nature-terrain-and-tree-tiles/pixel-art-bright-grass-ground-autotile-fill-or-edge-piece-40-16x16.png
park grass and trees/generic-rpg-tile41.png,park-nature-terrain-and-tree-tiles/pixel-art-red-dirt-and-bright-grass-cliff-autotile-piece-41-16x16.png
park grass and trees/generic-rpg-tile42.png,park-nature-terrain-and-tree-tiles/pixel-art-bright-grass-ground-autotile-fill-or-edge-piece-42-16x16.png
park grass and trees/generic-rpg-tile43.png,park-nature-terrain-and-tree-tiles/pixel-art-red-dirt-and-bright-grass-cliff-autotile-piece-43-16x16.png
park grass and trees/generic-rpg-tile44.png,park-nature-terrain-and-tree-tiles/pixel-art-red-dirt-and-bright-grass-cliff-autotile-piece-44-16x16.png
park grass and trees/generic-rpg-tile45.png,park-nature-terrain-and-tree-tiles/pixel-art-red-dirt-and-bright-grass-cliff-autotile-piece-45-16x16.png
park grass and trees/generic-rpg-tile46.png,park-nature-terrain-and-tree-tiles/pixel-art-red-dirt-and-bright-grass-cliff-autotile-piece-46-16x16.png
park grass and trees/generic-rpg-tile47.png,park-nature-terrain-and-tree-tiles/pixel-art-red-dirt-and-bright-grass-cliff-autotile-piece-47-16x16.png
park grass and trees/generic-rpg-tile48.png,park-nature-terrain-and-tree-tiles/pixel-art-red-dirt-and-bright-grass-cliff-autotile-piece-48-16x16.png
park grass and trees/generic-rpg-tile49.png,park-nature-terrain-and-tree-tiles/pixel-art-red-dirt-and-bright-grass-cliff-autotile-piece-49-16x16.png
park grass and trees/generic-rpg-tile50.png,park-nature-terrain-and-tree-tiles/pixel-art-red-dirt-and-bright-grass-cliff-autotile-piece-50-16x16.png
park grass and trees/generic-rpg-tile51.png,park-nature-terrain-and-tree-tiles/pixel-art-red-dirt-and-bright-grass-cliff-autotile-piece-51-16x16.png
park grass and trees/generic-rpg-tile52.png,park-nature-terrain-and-tree-tiles/pixel-art-red-dirt-and-bright-grass-cliff-autotile-piece-52-16x16.png
park grass and trees/generic-rpg-tile53.png,park-nature-terrain-and-tree-tiles/pixel-art-red-dirt-and-bright-grass-cliff-autotile-piece-53-16x16.png
park grass and trees/generic-rpg-tile54.png,park-nature-terrain-and-tree-tiles/pixel-art-red-dirt-and-bright-grass-cliff-autotile-piece-54-16x16.png
park grass and trees/generic-rpg-tile55.png,park-nature-terrain-and-tree-tiles/pixel-art-red-dirt-and-bright-grass-cliff-autotile-piece-55-16x16.png
park grass and trees/generic-rpg-tile56.png,park-nature-terrain-and-tree-tiles/pixel-art-red-dirt-and-bright-grass-cliff-autotile-piece-56-16x16.png
park grass and trees/generic-rpg-tile57.png,park-nature-terrain-and-tree-tiles/pixel-art-red-dirt-and-bright-grass-cliff-autotile-piece-57-16x16.png
park grass and trees/generic-rpg-tile58.png,park-nature-terrain-and-tree-tiles/pixel-art-red-dirt-and-bright-grass-cliff-autotile-piece-58-16x16.png
park grass and trees/generic-rpg-tile59.png,park-nature-terrain-and-tree-tiles/pixel-art-red-dirt-and-bright-grass-cliff-autotile-piece-59-16x16.png
park grass and trees/generic-rpg-tile60.png,park-nature-terrain-and-tree-tiles/pixel-art-red-dirt-and-bright-grass-cliff-autotile-piece-60-16x16.png
park grass and trees/generic-rpg-tile61.png,park-nature-terrain-and-tree-tiles/pixel-art-red-dirt-and-bright-grass-cliff-autotile-piece-61-16x16.png
park grass and trees/generic-rpg-tile62.png,park-nature-terrain-and-tree-tiles/pixel-art-red-dirt-and-bright-grass-cliff-autotile-piece-62-16x16.png
park grass and trees/generic-rpg-tile63.png,park-nature-terrain-and-tree-tiles/pixel-art-red-dirt-and-bright-grass-cliff-autotile-piece-63-16x16.png
park grass and trees/generic-rpg-tile64.png,park-nature-terrain-and-tree-tiles/pixel-art-red-dirt-and-bright-grass-cliff-autotile-piece-64-16x16.png
park grass and trees/generic-rpg-tile65.png,park-nature-terrain-and-tree-tiles/pixel-art-blue-water-shore-autotile-piece-65-16x16.png
park grass and trees/generic-rpg-tile66.png,park-nature-terrain-and-tree-tiles/pixel-art-blue-water-shore-autotile-piece-66-16x16.png
park grass and trees/generic-rpg-tile67.png,park-nature-terrain-and-tree-tiles/pixel-art-blue-water-shore-autotile-piece-67-16x16.png
park grass and trees/generic-rpg-tile68.png,park-nature-terrain-and-tree-tiles/pixel-art-blue-water-shore-autotile-piece-68-16x16.png
park grass and trees/generic-rpg-tile69.png,park-nature-terrain-and-tree-tiles/pixel-art-blue-water-shore-autotile-piece-69-16x16.png
park grass and trees/generic-rpg-tile70.png,park-nature-terrain-and-tree-tiles/pixel-art-plain-bright-grass-fill-piece-70-16x16.png
park grass and trees/generic-rpg-tile71.png,park-nature-terrain-and-tree-tiles/pixel-art-plain-red-dirt-fill-piece-71-16x16.png
park grass and trees/pond borders.png,park-nature-terrain-and-tree-tiles/pixel-art-blue-pond-water-border-corners-and-edges-tileset-64x64.png
park grass and trees/trees/Trees/Model_01/Size_02.aseprite,park-nature-terrain-and-tree-tiles/tree-and-vegetation-assets/tree-model-size-sheets/model-01-round-deciduous-tree-sizes/pixel-art-round-deciduous-tree-size-02-source-aseprite.aseprite
park grass and trees/trees/Trees/Model_01/Size_02.png,park-nature-terrain-and-tree-tiles/tree-and-vegetation-assets/tree-model-size-sheets/model-01-round-deciduous-tree-sizes/pixel-art-round-deciduous-tree-size-02-tile-sheet.png
park grass and trees/trees/Trees/Model_01/Size_03.aseprite,park-nature-terrain-and-tree-tiles/tree-and-vegetation-assets/tree-model-size-sheets/model-01-round-deciduous-tree-sizes/pixel-art-round-deciduous-tree-size-03-source-aseprite.aseprite
park grass and trees/trees/Trees/Model_01/Size_03.png,park-nature-terrain-and-tree-tiles/tree-and-vegetation-assets/tree-model-size-sheets/model-01-round-deciduous-tree-sizes/pixel-art-round-deciduous-tree-size-03-tile-sheet.png
park grass and trees/trees/Trees/Model_01/Size_04.aseprite,park-nature-terrain-and-tree-tiles/tree-and-vegetation-assets/tree-model-size-sheets/model-01-round-deciduous-tree-sizes/pixel-art-round-deciduous-tree-size-04-source-aseprite.aseprite
park grass and trees/trees/Trees/Model_01/Size_04.png,park-nature-terrain-and-tree-tiles/tree-and-vegetation-assets/tree-model-size-sheets/model-01-round-deciduous-tree-sizes/pixel-art-round-deciduous-tree-size-04-tile-sheet.png
park grass and trees/trees/Trees/Model_01/Size_05.aseprite,park-nature-terrain-and-tree-tiles/tree-and-vegetation-assets/tree-model-size-sheets/model-01-round-deciduous-tree-sizes/pixel-art-round-deciduous-tree-size-05-source-aseprite.aseprite
park grass and trees/trees/Trees/Model_01/Size_05.png,park-nature-terrain-and-tree-tiles/tree-and-vegetation-assets/tree-model-size-sheets/model-01-round-deciduous-tree-sizes/pixel-art-round-deciduous-tree-size-05-tile-sheet.png
park grass and trees/trees/Trees/Model_02/Size_02.aseprite,park-nature-terrain-and-tree-tiles/tree-and-vegetation-assets/tree-model-size-sheets/model-02-evergreen-conifer-tree-sizes/pixel-art-evergreen-conifer-tree-size-02-source-aseprite.aseprite
park grass and trees/trees/Trees/Model_02/Size_02.png,park-nature-terrain-and-tree-tiles/tree-and-vegetation-assets/tree-model-size-sheets/model-02-evergreen-conifer-tree-sizes/pixel-art-evergreen-conifer-tree-size-02-tile-sheet.png
park grass and trees/trees/Trees/Model_02/Size_03.aseprite,park-nature-terrain-and-tree-tiles/tree-and-vegetation-assets/tree-model-size-sheets/model-02-evergreen-conifer-tree-sizes/pixel-art-evergreen-conifer-tree-size-03-source-aseprite.aseprite
park grass and trees/trees/Trees/Model_02/Size_03.png,park-nature-terrain-and-tree-tiles/tree-and-vegetation-assets/tree-model-size-sheets/model-02-evergreen-conifer-tree-sizes/pixel-art-evergreen-conifer-tree-size-03-tile-sheet.png
park grass and trees/trees/Trees/Model_02/Size_04.aseprite,park-nature-terrain-and-tree-tiles/tree-and-vegetation-assets/tree-model-size-sheets/model-02-evergreen-conifer-tree-sizes/pixel-art-evergreen-conifer-tree-size-04-source-aseprite.aseprite
park grass and trees/trees/Trees/Model_02/Size_04.png,park-nature-terrain-and-tree-tiles/tree-and-vegetation-assets/tree-model-size-sheets/model-02-evergreen-conifer-tree-sizes/pixel-art-evergreen-conifer-tree-size-04-tile-sheet.png
park grass and trees/trees/Trees/Model_02/Size_05.aseprite,park-nature-terrain-and-tree-tiles/tree-and-vegetation-assets/tree-model-size-sheets/model-02-evergreen-conifer-tree-sizes/pixel-art-evergreen-conifer-tree-size-05-source-aseprite.aseprite
park grass and trees/trees/Trees/Model_02/Size_05.png,park-nature-terrain-and-tree-tiles/tree-and-vegetation-assets/tree-model-size-sheets/model-02-evergreen-conifer-tree-sizes/pixel-art-evergreen-conifer-tree-size-05-tile-sheet.png
park grass and trees/trees/Trees/Model_03/Size_02.aseprite,park-nature-terrain-and-tree-tiles/tree-and-vegetation-assets/tree-model-size-sheets/model-03-autumn-dead-tree-sizes/pixel-art-autumn-dead-tree-size-02-source-aseprite.aseprite
park grass and trees/trees/Trees/Model_03/Size_02.png,park-nature-terrain-and-tree-tiles/tree-and-vegetation-assets/tree-model-size-sheets/model-03-autumn-dead-tree-sizes/pixel-art-autumn-dead-tree-size-02-tile-sheet.png
park grass and trees/trees/Trees/Model_03/Size_03-export.png,park-nature-terrain-and-tree-tiles/tree-and-vegetation-assets/tree-model-size-sheets/model-03-autumn-dead-tree-sizes/pixel-art-autumn-dead-tree-size-03-tile-sheet-export-1.png
park grass and trees/trees/Trees/Model_03/Size_03.aseprite,park-nature-terrain-and-tree-tiles/tree-and-vegetation-assets/tree-model-size-sheets/model-03-autumn-dead-tree-sizes/pixel-art-autumn-dead-tree-size-03-source-aseprite.aseprite
park grass and trees/trees/Trees/Model_03/Size_03.png,park-nature-terrain-and-tree-tiles/tree-and-vegetation-assets/tree-model-size-sheets/model-03-autumn-dead-tree-sizes/pixel-art-autumn-dead-tree-size-03-tile-sheet.png
park grass and trees/trees/Trees/Model_03/Size_04-export-export.png,park-nature-terrain-and-tree-tiles/tree-and-vegetation-assets/tree-model-size-sheets/model-03-autumn-dead-tree-sizes/pixel-art-autumn-dead-tree-size-04-tile-sheet-export-2.png
park grass and trees/trees/Trees/Model_03/Size_04-export.png,park-nature-terrain-and-tree-tiles/tree-and-vegetation-assets/tree-model-size-sheets/model-03-autumn-dead-tree-sizes/pixel-art-autumn-dead-tree-size-04-tile-sheet-export-1.png
park grass and trees/trees/Trees/Model_03/Size_04.aseprite,park-nature-terrain-and-tree-tiles/tree-and-vegetation-assets/tree-model-size-sheets/model-03-autumn-dead-tree-sizes/pixel-art-autumn-dead-tree-size-04-source-aseprite.aseprite
park grass and trees/trees/Trees/Model_03/Size_04.png,park-nature-terrain-and-tree-tiles/tree-and-vegetation-assets/tree-model-size-sheets/model-03-autumn-dead-tree-sizes/pixel-art-autumn-dead-tree-size-04-tile-sheet.png
park grass and trees/trees/Trees/Model_03/Size_05.aseprite,park-nature-terrain-and-tree-tiles/tree-and-vegetation-assets/tree-model-size-sheets/model-03-autumn-dead-tree-sizes/pixel-art-autumn-dead-tree-size-05-source-aseprite.aseprite
park grass and trees/trees/Trees/Model_03/Size_05.png,park-nature-terrain-and-tree-tiles/tree-and-vegetation-assets/tree-model-size-sheets/model-03-autumn-dead-tree-sizes/pixel-art-autumn-dead-tree-size-05-tile-sheet.png
park grass and trees/trees/Vegetation.aseprite,park-nature-terrain-and-tree-tiles/tree-and-vegetation-assets/pixel-art-mixed-vegetation-trees-bushes-flowers-and-ground-plants-source-aseprite.aseprite
park grass and trees/trees/Vegetation.png,park-nature-terrain-and-tree-tiles/tree-and-vegetation-assets/pixel-art-mixed-vegetation-trees-bushes-flowers-and-ground-plants-tileset-400x432.png
parkland creatures /baby-chicks-yellow-row-5frames.png,parkland-creature-sprites/pixel-art-baby-chicks-yellow-row-5frames-spritesheet.png
parkland creatures /chicken-white-yellow-spritesheet-4dir-walk-idle.png,parkland-creature-sprites/pixel-art-chicken-white-yellow-spritesheet-4dir-walk-idle-spritesheet.png
parkland creatures /egg-and-nest-stages-empty-egg-hatched.png,parkland-creature-sprites/pixel-art-egg-and-nest-stages-empty-egg-hatched-spritesheet.png
pride characters npc /char_a_p1_0bas_humn_v00.png,pride-character-npc-sprite-sheets/pixel-art-pride-human-npc-set-a-variant-00-8-direction-character-spritesheet-512x512.png
pride characters npc /char_a_p1_0bas_humn_v01.png,pride-character-npc-sprite-sheets/pixel-art-pride-human-npc-set-a-variant-01-8-direction-character-spritesheet-512x512.png
pride characters npc /char_a_p1_0bas_humn_v02.png,pride-character-npc-sprite-sheets/pixel-art-pride-human-npc-set-a-variant-02-8-direction-character-spritesheet-512x512.png
pride characters npc /char_a_p1_0bas_humn_v03.png,pride-character-npc-sprite-sheets/pixel-art-pride-human-npc-set-a-variant-03-8-direction-character-spritesheet-512x512.png
pride characters npc /char_a_p1_0bas_humn_v05.png,pride-character-npc-sprite-sheets/pixel-art-pride-human-npc-set-a-variant-05-8-direction-character-spritesheet-512x512.png
pride characters npc /char_a_p1_0bas_humn_v06.png,pride-character-npc-sprite-sheets/pixel-art-pride-human-npc-set-a-variant-06-8-direction-character-spritesheet-512x512.png
pride characters npc /char_a_p1_0bas_humn_v07.png,pride-character-npc-sprite-sheets/pixel-art-pride-human-npc-set-a-variant-07-8-direction-character-spritesheet-512x512.png
pride characters npc /char_a_p1_0bas_humn_v08.png,pride-character-npc-sprite-sheets/pixel-art-pride-human-npc-set-a-variant-08-8-direction-character-spritesheet-512x512.png
pride characters npc /char_a_p1_0bas_humn_v09.png,pride-character-npc-sprite-sheets/pixel-art-pride-human-npc-set-a-variant-09-8-direction-character-spritesheet-512x512.png
pride characters npc /char_a_p1_0bas_humn_v10.png,pride-character-npc-sprite-sheets/pixel-art-pride-human-npc-set-a-variant-10-8-direction-character-spritesheet-512x512.png
pride characters npc /char_a_pONE1_0bas_humn_v01.png,pride-character-npc-sprite-sheets/pixel-art-pride-human-npc-set-one-variant-01-8-direction-character-spritesheet-512x512.png
pride characters npc /char_a_pONE1_0bas_humn_v02.png,pride-character-npc-sprite-sheets/pixel-art-pride-human-npc-set-one-variant-02-8-direction-character-spritesheet-512x512.png
pride characters npc /char_a_pONE1_0bas_humn_v03.png,pride-character-npc-sprite-sheets/pixel-art-pride-human-npc-set-one-variant-03-8-direction-character-spritesheet-512x512.png
pride characters npc /char_a_pONE1_0bas_humn_v04.png,pride-character-npc-sprite-sheets/pixel-art-pride-human-npc-set-one-variant-04-8-direction-character-spritesheet-512x512.png
pride characters npc /char_a_pONE1_0bas_humn_v05.png,pride-character-npc-sprite-sheets/pixel-art-pride-human-npc-set-one-variant-05-8-direction-character-spritesheet-512x512.png
pride characters npc /char_a_pONE1_0bas_humn_v06.png,pride-character-npc-sprite-sheets/pixel-art-pride-human-npc-set-one-variant-06-8-direction-character-spritesheet-512x512.png
pride characters npc /char_a_pONE1_0bas_humn_v07.png,pride-character-npc-sprite-sheets/pixel-art-pride-human-npc-set-one-variant-07-8-direction-character-spritesheet-512x512.png
pride characters npc /char_a_pONE1_0bas_humn_v08.png,pride-character-npc-sprite-sheets/pixel-art-pride-human-npc-set-one-variant-08-8-direction-character-spritesheet-512x512.png
pride characters npc /char_a_pONE1_0bas_humn_v09.png,pride-character-npc-sprite-sheets/pixel-art-pride-human-npc-set-one-variant-09-8-direction-character-spritesheet-512x512.png
pride characters npc /char_a_pONE1_0bas_humn_v10.png,pride-character-npc-sprite-sheets/pixel-art-pride-human-npc-set-one-variant-10-8-direction-character-spritesheet-512x512.png
secret lab ineterior /UI/20x11 Cells.txt,secret-lab-interior-tiles/secret-lab-ui-panels/secret-lab-ui-20x11-cells-empty-reference.txt
secret lab ineterior /UI/ui x1.png,secret-lab-interior-tiles/secret-lab-ui-panels/pixel-art-secret-lab-sci-fi-red-line-user-interface-panel-tileset-x1-640x352.png
secret lab ineterior /UI/ui x2.png,secret-lab-interior-tiles/secret-lab-ui-panels/pixel-art-secret-lab-sci-fi-red-line-user-interface-panel-tileset-x2-1280x704.png
secret lab ineterior /UI/ui x3.png,secret-lab-interior-tiles/secret-lab-ui-panels/pixel-art-secret-lab-sci-fi-red-line-user-interface-panel-tileset-x3-1920x1056.png
secret lab ineterior /tileset x1.png,secret-lab-interior-tiles/pixel-art-secret-lab-blue-gray-machinery-computer-wall-floor-tileset-x1-1184x736.png
secret lab ineterior /tileset x2.png,secret-lab-interior-tiles/pixel-art-secret-lab-blue-gray-machinery-computer-wall-floor-tileset-x2-2368x1472.png
secret lab ineterior /tileset x3.png,secret-lab-interior-tiles/pixel-art-secret-lab-blue-gray-machinery-computer-wall-floor-tileset-x3-3552x2208.png
squerrel test /crouch/player-crouch-preview.gif,squirrel-character-animation-frames/crouch/pixel-art-brown-squirrel-crouch-animation-preview-gif-90x58.gif
squerrel test /crouch/squirrel-brown-crouch-frame-1.png,squirrel-character-animation-frames/crouch/pixel-art-brown-squirrel-crouch-animation-frame-01-90x58.png
squerrel test /crouch/squirrel-brown-crouch-frame-2.png,squirrel-character-animation-frames/crouch/pixel-art-brown-squirrel-crouch-animation-frame-02-90x58.png
squerrel test /hurt/player-hurt-preview.gif,squirrel-character-animation-frames/hurt/pixel-art-brown-squirrel-hurt-animation-preview-gif-90x58.gif
squerrel test /hurt/squirrel-brown-hurt-frame-1.png,squirrel-character-animation-frames/hurt/pixel-art-brown-squirrel-hurt-animation-frame-01-90x58.png
squerrel test /hurt/squirrel-brown-hurt-frame-2.png,squirrel-character-animation-frames/hurt/pixel-art-brown-squirrel-hurt-animation-frame-02-90x58.png
squerrel test /idle/player-idle-preview.gif,squirrel-character-animation-frames/idle/pixel-art-brown-squirrel-idle-animation-preview-gif-90x58.gif
squerrel test /idle/squirrel-brown-idle-frame-1.png,squirrel-character-animation-frames/idle/pixel-art-brown-squirrel-idle-animation-frame-01-90x58.png
squerrel test /idle/squirrel-brown-idle-frame-2.png,squirrel-character-animation-frames/idle/pixel-art-brown-squirrel-idle-animation-frame-02-90x58.png
squerrel test /idle/squirrel-brown-idle-frame-3.png,squirrel-character-animation-frames/idle/pixel-art-brown-squirrel-idle-animation-frame-03-90x58.png
squerrel test /idle/squirrel-brown-idle-frame-4.png,squirrel-character-animation-frames/idle/pixel-art-brown-squirrel-idle-animation-frame-04-90x58.png
squerrel test /idle/squirrel-brown-idle-frame-5.png,squirrel-character-animation-frames/idle/pixel-art-brown-squirrel-idle-animation-frame-05-90x58.png
squerrel test /idle/squirrel-brown-idle-frame-6.png,squirrel-character-animation-frames/idle/pixel-art-brown-squirrel-idle-animation-frame-06-90x58.png
squerrel test /idle/squirrel-brown-idle-frame-7.png,squirrel-character-animation-frames/idle/pixel-art-brown-squirrel-idle-animation-frame-07-90x58.png
squerrel test /idle/squirrel-brown-idle-frame-8.png,squirrel-character-animation-frames/idle/pixel-art-brown-squirrel-idle-animation-frame-08-90x58.png
squerrel test /jump/player-jump-preview.gif,squirrel-character-animation-frames/jump/pixel-art-brown-squirrel-jump-animation-preview-gif-90x58.gif
squerrel test /jump/squirrel-brown-jump-frame-1.png,squirrel-character-animation-frames/jump/pixel-art-brown-squirrel-jump-animation-frame-01-90x58.png
squerrel test /jump/squirrel-brown-jump-frame-2.png,squirrel-character-animation-frames/jump/pixel-art-brown-squirrel-jump-animation-frame-02-90x58.png
squerrel test /jump/squirrel-brown-jump-frame-3.png,squirrel-character-animation-frames/jump/pixel-art-brown-squirrel-jump-animation-frame-03-90x58.png
squerrel test /jump/squirrel-brown-jump-frame-4.png,squirrel-character-animation-frames/jump/pixel-art-brown-squirrel-jump-animation-frame-04-90x58.png
squerrel test /run/player-run-preview.gif,squirrel-character-animation-frames/run/pixel-art-brown-squirrel-run-animation-preview-gif-90x58.gif
squerrel test /run/squirrel-brown-run-frame-1.png,squirrel-character-animation-frames/run/pixel-art-brown-squirrel-run-animation-frame-01-90x58.png
squerrel test /run/squirrel-brown-run-frame-2.png,squirrel-character-animation-frames/run/pixel-art-brown-squirrel-run-animation-frame-02-90x58.png
squerrel test /run/squirrel-brown-run-frame-3.png,squirrel-character-animation-frames/run/pixel-art-brown-squirrel-run-animation-frame-03-90x58.png
squerrel test /run/squirrel-brown-run-frame-4.png,squirrel-character-animation-frames/run/pixel-art-brown-squirrel-run-animation-frame-04-90x58.png
squerrel test /run/squirrel-brown-run-frame-5.png,squirrel-character-animation-frames/run/pixel-art-brown-squirrel-run-animation-frame-05-90x58.png
squerrel test /run/squirrel-brown-run-frame-6.png,squirrel-character-animation-frames/run/pixel-art-brown-squirrel-run-animation-frame-06-90x58.png
villian npcs/TPF_Character_4b.png,villain-npc-character-sprite-sheets/pixel-art-tpf-character-4b-npc-character-8-direction-idle-walk-spritesheet-576x384.png
villian npcs/cops.png,villain-npc-character-sprite-sheets/pixel-art-cops-npc-character-8-direction-idle-walk-spritesheet-576x384.png
villian npcs/girl.png,villain-npc-character-sprite-sheets/pixel-art-girl-npc-character-8-direction-idle-walk-spritesheet-576x384.png
villian npcs/lowlevelwizards.png,villain-npc-character-sprite-sheets/pixel-art-lowlevelwizards-npc-character-8-direction-idle-walk-spritesheet-576x384.png
villian npcs/parkranger.png,villain-npc-character-sprite-sheets/pixel-art-parkranger-npc-character-8-direction-idle-walk-spritesheet-576x384.png
villian npcs/parkrangersword.png,villain-npc-character-sprite-sheets/pixel-art-parkrangersword-npc-character-8-direction-idle-walk-spritesheet-576x384.png
villian npcs/sargent.png,villain-npc-character-sprite-sheets/pixel-art-sargent-npc-character-8-direction-idle-walk-spritesheet-576x384.png
villian npcs/wizards /gabe/gabe-idle-run.png,villain-npc-character-sprite-sheets/wizard-npc-mini-sprites/gabe/pixel-art-gabe-idle-run-mini-character-sprite-or-spritesheet.png
villian npcs/wizards /hat-guy/hat-guy.aseprite,villain-npc-character-sprite-sheets/wizard-npc-mini-sprites/hat-guy/pixel-art-hat-guy-mini-character-source-aseprite.aseprite
villian npcs/wizards /hat-guy/hat-guy.png,villain-npc-character-sprite-sheets/wizard-npc-mini-sprites/hat-guy/pixel-art-hat-guy-mini-character-sprite-or-spritesheet.png
villian npcs/wizards /mani/mani-idle-run.png,villain-npc-character-sprite-sheets/wizard-npc-mini-sprites/mani/pixel-art-mani-idle-run-mini-character-sprite-or-spritesheet.png
villian npcs/wizards /sensei/sensei.aseprite,villain-npc-character-sprite-sheets/wizard-npc-mini-sprites/sensei/pixel-art-sensei-mini-character-source-aseprite.aseprite
villian npcs/wizards /sensei/sensei.png,villain-npc-character-sprite-sheets/wizard-npc-mini-sprites/sensei/pixel-art-sensei-mini-character-sprite-or-spritesheet.png
villian npcs/wizards /vendor/generic-rpg-vendor.png,villain-npc-character-sprite-sheets/wizard-npc-mini-sprites/vendor/pixel-art-colorful-rpg-market-vendor-cart-with-character-sprite-56x51.png
villian npcs/wizardsstaff.png,villain-npc-character-sprite-sheets/pixel-art-wizardsstaff-npc-character-8-direction-idle-walk-spritesheet-576x384.png
park-nature-terrain-and-tree-tiles/pixel-art-outdoor-terrain-object-tile-outside-1-1.png,park-nature-terrain-and-tree-tiles/pixel-art-solid-dark-green-grass-square-tile-16x16.png
park-nature-terrain-and-tree-tiles/pixel-art-outdoor-terrain-object-tile-outside-1-2.png,park-nature-terrain-and-tree-tiles/pixel-art-dark-green-grass-with-small-sprouts-tile-16x16.png
park-nature-terrain-and-tree-tiles/pixel-art-outdoor-terrain-object-tile-outside-1-3.png,park-nature-terrain-and-tree-tiles/pixel-art-dark-green-grass-with-bottom-sprouts-tile-16x16.png
park-nature-terrain-and-tree-tiles/pixel-art-outdoor-terrain-object-tile-outside-1-4.png,park-nature-terrain-and-tree-tiles/pixel-art-dark-green-grass-with-corner-sprouts-tile-16x16.png
park-nature-terrain-and-tree-tiles/pixel-art-outdoor-terrain-object-tile-outside-2-1.png,park-nature-terrain-and-tree-tiles/pixel-art-leafy-hedge-border-corner-and-edge-tileset-64x64.png
park-nature-terrain-and-tree-tiles/pixel-art-outdoor-terrain-object-tile-outside-2-2.png,park-nature-terrain-and-tree-tiles/pixel-art-plain-hedge-border-corner-and-edge-tileset-64x64.png
park-nature-terrain-and-tree-tiles/pixel-art-outdoor-terrain-object-tile-outside-2-3.png,park-nature-terrain-and-tree-tiles/pixel-art-dense-leaf-hedge-border-corner-and-edge-tileset-64x64.png
park-nature-terrain-and-tree-tiles/pixel-art-outdoor-terrain-object-tile-outside-2-4.png,park-nature-terrain-and-tree-tiles/pixel-art-dense-leaf-filled-hedge-tile-64x64.png
park-nature-terrain-and-tree-tiles/pixel-art-outdoor-terrain-object-tile-outside-3-1.png,park-nature-terrain-and-tree-tiles/pixel-art-plain-brown-dirt-tile-16x16.png
park-nature-terrain-and-tree-tiles/pixel-art-outdoor-terrain-object-tile-outside-3-2.png,park-nature-terrain-and-tree-tiles/pixel-art-brown-dirt-with-small-crack-tile-16x16.png
park-nature-terrain-and-tree-tiles/pixel-art-outdoor-terrain-object-tile-outside-3-3.png,park-nature-terrain-and-tree-tiles/pixel-art-brown-dirt-with-pebbles-tile-16x16.png
park-nature-terrain-and-tree-tiles/pixel-art-outdoor-terrain-object-tile-outside-3-4.png,park-nature-terrain-and-tree-tiles/pixel-art-brown-dirt-with-diagonal-tracks-tile-16x16.png
park-nature-terrain-and-tree-tiles/pixel-art-outdoor-terrain-object-tile-outside-4-1.png,park-nature-terrain-and-tree-tiles/pixel-art-smooth-brown-dirt-path-corner-and-edge-tileset-64x64.png
park-nature-terrain-and-tree-tiles/pixel-art-outdoor-terrain-object-tile-outside-4-2.png,park-nature-terrain-and-tree-tiles/pixel-art-pebbled-brown-dirt-path-corner-and-edge-tileset-64x64.png
park-nature-terrain-and-tree-tiles/pixel-art-outdoor-terrain-object-tile-outside-4-3.png,park-nature-terrain-and-tree-tiles/pixel-art-dense-pebbled-brown-dirt-path-corner-and-edge-tileset-64x64.png
park-nature-terrain-and-tree-tiles/pixel-art-outdoor-terrain-object-tile-outside-5-1.png,park-nature-terrain-and-tree-tiles/pixel-art-solid-blue-water-tile-16x16.png
park-nature-terrain-and-tree-tiles/pixel-art-outdoor-terrain-object-tile-outside-5-2.png,park-nature-terrain-and-tree-tiles/pixel-art-blue-water-with-wave-lines-tile-16x16.png
park-nature-terrain-and-tree-tiles/pixel-art-outdoor-terrain-object-tile-outside-5-3.png,park-nature-terrain-and-tree-tiles/pixel-art-blue-water-with-small-ripples-tile-16x16.png
park-nature-terrain-and-tree-tiles/pixel-art-outdoor-terrain-object-tile-outside-6-1.png,park-nature-terrain-and-tree-tiles/pixel-art-blue-water-pond-border-corners-and-edges-tileset-64x64.png
park-nature-terrain-and-tree-tiles/pixel-art-outdoor-terrain-object-tile-outside-6-2.png,park-nature-terrain-and-tree-tiles/pixel-art-blue-water-to-dirt-shore-horizontal-edge-tileset-192x64.png
park-nature-terrain-and-tree-tiles/pixel-art-outdoor-terrain-object-tile-outside-6-4.png,park-nature-terrain-and-tree-tiles/pixel-art-blue-water-to-grass-shore-horizontal-edge-tileset-192x64.png
park-nature-terrain-and-tree-tiles/pixel-art-outdoor-terrain-object-tile-outside-6-5.png,park-nature-terrain-and-tree-tiles/pixel-art-solid-blue-water-pond-square-tile-32x32.png
park-nature-terrain-and-tree-tiles/pixel-art-outdoor-terrain-object-tile-outside-7-1.png,park-nature-terrain-and-tree-tiles/pixel-art-wooden-arched-boat-or-door-like-sprite-32x48.png
park-nature-terrain-and-tree-tiles/pixel-art-outdoor-terrain-object-tile-outside-7-2.png,park-nature-terrain-and-tree-tiles/pixel-art-wooden-arched-door-or-boat-variants-spritesheet-96x48.png
park-nature-terrain-and-tree-tiles/pixel-art-outdoor-terrain-object-tile-outside-8-1.png,park-nature-terrain-and-tree-tiles/pixel-art-gray-stone-ground-tile-16x16.png
park-nature-terrain-and-tree-tiles/pixel-art-outdoor-terrain-object-tile-outside-8-2.png,park-nature-terrain-and-tree-tiles/pixel-art-gray-stone-block-tile-16x16.png
park-nature-terrain-and-tree-tiles/pixel-art-outdoor-terrain-object-tile-outside-8-3.png,park-nature-terrain-and-tree-tiles/pixel-art-gray-stone-ground-with-cracks-tile-16x16.png
park-nature-terrain-and-tree-tiles/pixel-art-outdoor-terrain-object-tile-outside-8-4.png,park-nature-terrain-and-tree-tiles/pixel-art-gray-stone-ground-with-corner-cracks-tile-16x16.png
park-nature-terrain-and-tree-tiles/pixel-art-outdoor-terrain-object-tile-outside-8-5.png,park-nature-terrain-and-tree-tiles/pixel-art-gray-stone-ground-with-mottled-texture-tile-16x16.png
park-nature-terrain-and-tree-tiles/pixel-art-outdoor-terrain-object-tile-outside-8-6.png,park-nature-terrain-and-tree-tiles/pixel-art-gray-stone-ground-with-mossy-grass-edge-tile-16x16.png
park-nature-terrain-and-tree-tiles/pixel-art-outdoor-terrain-object-tile-outside-8-7.png,park-nature-terrain-and-tree-tiles/pixel-art-gray-stone-ground-with-green-moss-patch-tile-16x16.png
park-nature-terrain-and-tree-tiles/pixel-art-outdoor-terrain-object-tile-outside-8-8.png,park-nature-terrain-and-tree-tiles/pixel-art-gray-stone-ground-with-grass-corner-tile-16x16.png
park-nature-terrain-and-tree-tiles/pixel-art-outdoor-terrain-object-tile-outside-8-9.png,park-nature-terrain-and-tree-tiles/pixel-art-gray-stone-ground-with-light-crack-detail-tile-16x16.png
park-nature-terrain-and-tree-tiles/pixel-art-outdoor-terrain-object-tile-outside-9-1.png,park-nature-terrain-and-tree-tiles/pixel-art-gray-stone-path-with-grass-border-corners-and-edges-tileset-64x64.png
park-nature-terrain-and-tree-tiles/pixel-art-outdoor-terrain-object-tile-outside-9-2.png,park-nature-terrain-and-tree-tiles/pixel-art-gray-stone-path-with-grass-border-alternate-tileset-64x64.png
park-nature-terrain-and-tree-tiles/pixel-art-outdoor-terrain-object-tile-outside-10-11-1.png,park-nature-terrain-and-tree-tiles/pixel-art-tall-blue-waterfall-over-rock-cliff-with-grass-top-tileset-64x128.png
park-nature-terrain-and-tree-tiles/pixel-art-outdoor-terrain-object-tile-outside-12-1.png,park-nature-terrain-and-tree-tiles/pixel-art-horizontal-blue-waterfall-stripe-animation-tileset-64x32.png
park-nature-terrain-and-tree-tiles/pixel-art-outdoor-terrain-object-tile-outside-13-1.png,park-nature-terrain-and-tree-tiles/pixel-art-blue-water-wave-animation-strip-tileset-192x48.png
park-nature-terrain-and-tree-tiles/pixel-art-outdoor-terrain-object-tile-outside-14-1.png,park-nature-terrain-and-tree-tiles/pixel-art-small-rounded-green-tree-sprite-16x16.png
park-nature-terrain-and-tree-tiles/pixel-art-outdoor-terrain-object-tile-outside-14-2.png,park-nature-terrain-and-tree-tiles/pixel-art-small-rounded-green-tree-alternate-sprite-16x16.png
park-nature-terrain-and-tree-tiles/pixel-art-outdoor-terrain-object-tile-outside-15-1.png,park-nature-terrain-and-tree-tiles/pixel-art-small-conical-green-tree-sprite-16x32.png
park-nature-terrain-and-tree-tiles/pixel-art-outdoor-terrain-object-tile-outside-15-2.png,park-nature-terrain-and-tree-tiles/pixel-art-small-conical-green-tree-alternate-sprite-16x32.png
park-nature-terrain-and-tree-tiles/pixel-art-outdoor-terrain-object-tile-outside-16-1.png,park-nature-terrain-and-tree-tiles/pixel-art-medium-round-green-tree-sprite-32x32.png
park-nature-terrain-and-tree-tiles/pixel-art-outdoor-terrain-object-tile-outside-16-2.png,park-nature-terrain-and-tree-tiles/pixel-art-medium-wide-round-green-tree-sprite-32x32.png
park-nature-terrain-and-tree-tiles/pixel-art-outdoor-terrain-object-tile-outside-16-3.png,park-nature-terrain-and-tree-tiles/pixel-art-tall-conical-green-tree-sprite-32x48.png
park-nature-terrain-and-tree-tiles/pixel-art-outdoor-terrain-object-tile-outside-16-5.png,park-nature-terrain-and-tree-tiles/pixel-art-large-round-green-tree-sprite-48x48.png
park-nature-terrain-and-tree-tiles/pixel-art-outdoor-terrain-object-tile-outside-17-1.png,park-nature-terrain-and-tree-tiles/pixel-art-small-leafless-dead-tree-sprite-16x32.png
park-nature-terrain-and-tree-tiles/pixel-art-outdoor-terrain-object-tile-outside-17-2.png,park-nature-terrain-and-tree-tiles/pixel-art-small-leafless-dead-tree-alternate-sprite-16x32.png
park-nature-terrain-and-tree-tiles/pixel-art-outdoor-terrain-object-tile-outside-18-1.png,park-nature-terrain-and-tree-tiles/pixel-art-medium-leafless-dead-tree-sprite-32x32.png
park-nature-terrain-and-tree-tiles/pixel-art-outdoor-terrain-object-tile-outside-18-2.png,park-nature-terrain-and-tree-tiles/pixel-art-medium-leafless-dead-tree-with-grass-base-sprite-32x32.png
park-nature-terrain-and-tree-tiles/pixel-art-outdoor-terrain-object-tile-outside-18-3.png,park-nature-terrain-and-tree-tiles/pixel-art-large-leafless-dead-tree-sprite-48x48.png
parkland-creature-sprites/pixel-art-baby-chicks-yellow-row-5frames-spritesheet.png,parkland-creature-sprites/pixel-art-yellow-baby-chicks-5-frame-row-spritesheet-64x32.png
parkland-creature-sprites/pixel-art-chicken-white-yellow-spritesheet-4dir-walk-idle-spritesheet.png,parkland-creature-sprites/pixel-art-white-chicken-yellow-beak-4-direction-walk-idle-spritesheet-192x192.png
parkland-creature-sprites/pixel-art-egg-and-nest-stages-empty-egg-hatched-spritesheet.png,parkland-creature-sprites/pixel-art-egg-and-nest-stages-empty-egg-hatched-spritesheet-64x16.png
suburban-house-interior-tiles/16x16-scale/pixel-art-free-interiors-free-16x16-tileset-16x16-scale.png,suburban-house-interior-tiles/16x16-scale/pixel-art-free-interior-furniture-and-decor-tileset-16x16-scale-256x1424.png
suburban-house-interior-tiles/16x16-scale/pixel-art-free-room-builder-free-16x16-tileset-16x16-scale.png,suburban-house-interior-tiles/16x16-scale/pixel-art-free-room-builder-walls-floors-and-surfaces-tileset-16x16-scale-272x368.png
suburban-house-interior-tiles/32x32-scale/pixel-art-free-interiors-free-32x32-tileset-32x32-scale.png,suburban-house-interior-tiles/32x32-scale/pixel-art-free-interior-furniture-and-decor-tileset-32x32-scale-512x2848.png
suburban-house-interior-tiles/32x32-scale/pixel-art-free-room-builder-free-32x32-tileset-32x32-scale.png,suburban-house-interior-tiles/32x32-scale/pixel-art-free-room-builder-walls-floors-and-surfaces-tileset-32x32-scale-544x736.png
suburban-house-interior-tiles/48x48-scale/pixel-art-free-interiors-free-48x48-tileset-48x48-scale.png,suburban-house-interior-tiles/48x48-scale/pixel-art-free-interior-furniture-and-decor-tileset-48x48-scale-768x4272.png
suburban-house-interior-tiles/48x48-scale/pixel-art-free-room-builder-free-48x48-tileset-48x48-scale.png,suburban-house-interior-tiles/48x48-scale/pixel-art-free-room-builder-walls-floors-and-surfaces-tileset-48x48-scale-816x1104.png
villain-npc-character-sprite-sheets/pixel-art-cops-npc-character-8-direction-idle-walk-spritesheet-576x384.png,villain-npc-character-sprite-sheets/pixel-art-blue-police-officer-cop-npc-8-direction-idle-walk-spritesheet-576x384.png
villain-npc-character-sprite-sheets/pixel-art-girl-npc-character-8-direction-idle-walk-spritesheet-576x384.png,villain-npc-character-sprite-sheets/pixel-art-orange-haired-girl-npc-8-direction-idle-walk-spritesheet-576x384.png
villain-npc-character-sprite-sheets/pixel-art-lowlevelwizards-npc-character-8-direction-idle-walk-spritesheet-576x384.png,villain-npc-character-sprite-sheets/pixel-art-blue-robed-low-level-wizard-npc-8-direction-idle-walk-spritesheet-576x384.png
villain-npc-character-sprite-sheets/pixel-art-parkranger-npc-character-8-direction-idle-walk-spritesheet-576x384.png,villain-npc-character-sprite-sheets/pixel-art-green-park-ranger-npc-8-direction-idle-walk-spritesheet-576x384.png
villain-npc-character-sprite-sheets/pixel-art-parkrangersword-npc-character-8-direction-idle-walk-spritesheet-576x384.png,villain-npc-character-sprite-sheets/pixel-art-green-park-ranger-with-sword-npc-8-direction-idle-walk-spritesheet-576x384.png
villain-npc-character-sprite-sheets/pixel-art-sargent-npc-character-8-direction-idle-walk-spritesheet-576x384.png,villain-npc-character-sprite-sheets/pixel-art-blue-police-sergeant-npc-8-direction-idle-walk-spritesheet-576x384.png
villain-npc-character-sprite-sheets/pixel-art-tpf-character-4b-npc-character-8-direction-idle-walk-spritesheet-576x384.png,villain-npc-character-sprite-sheets/pixel-art-blue-uniform-character-4b-villain-npc-8-direction-idle-walk-spritesheet-576x384.png
villain-npc-character-sprite-sheets/pixel-art-wizardsstaff-npc-character-8-direction-idle-walk-spritesheet-576x384.png,villain-npc-character-sprite-sheets/pixel-art-blue-robed-wizard-with-staff-npc-8-direction-idle-walk-spritesheet-576x384.png
villain-npc-character-sprite-sheets/wizard-npc-mini-sprites/gabe/pixel-art-gabe-idle-run-mini-character-sprite-or-spritesheet.png,villain-npc-character-sprite-sheets/wizard-npc-mini-sprites/gabe/pixel-art-gabe-wizard-mini-character-idle-run-spritesheet-168x24.png
villain-npc-character-sprite-sheets/wizard-npc-mini-sprites/hat-guy/pixel-art-hat-guy-mini-character-sprite-or-spritesheet.png,villain-npc-character-sprite-sheets/wizard-npc-mini-sprites/hat-guy/pixel-art-hat-guy-mini-character-single-sprite-16x22.png
villain-npc-character-sprite-sheets/wizard-npc-mini-sprites/mani/pixel-art-mani-idle-run-mini-character-sprite-or-spritesheet.png,villain-npc-character-sprite-sheets/wizard-npc-mini-sprites/mani/pixel-art-mani-wizard-mini-character-idle-run-spritesheet-168x24.png
villain-npc-character-sprite-sheets/wizard-npc-mini-sprites/sensei/pixel-art-sensei-mini-character-sprite-or-spritesheet.png,villain-npc-character-sprite-sheets/wizard-npc-mini-sprites/sensei/pixel-art-white-haired-sensei-mini-character-single-sprite-16x23.png
